group,subgroup,BK_CONFIRMED_CASE_COUNT,BK_PROBABLE_CASE_COUNT,BK_CASE_COUNT,BK_HOSPITALIZED_COUNT,BK_DEATH_COUNT,BK_CONFIRMED_CASE_RATE,BK_CASE_RATE,BK_HOSPITALIZED_RATE,BK_DEATH_RATE,BX_CONFIRMED_CASE_COUNT,BX_PROBABLE_CASE_COUNT,BX_CASE_COUNT,BX_HOSPITALIZED_COUNT,BX_DEATH_COUNT,BX_CONFIRMED_CASE_RATE,BX_CASE_RATE,BX_HOSPITALIZED_RATE,BX_DEATH_RATE,MN_CONFIRMED_CASE_COUNT,MN_PROBABLE_CASE_COUNT,MN_CASE_COUNT,MN_HOSPITALIZED_COUNT,MN_DEATH_COUNT,MN_CONFIRMED_CASE_RATE,MN_CASE_RATE,MN_HOSPITALIZED_RATE,MN_DEATH_RATE,QN_CONFIRMED_CASE_COUNT,QN_PROBABLE_CASE_COUNT,QN_CASE_COUNT,QN_HOSPITALIZED_COUNT,QN_DEATH_COUNT,QN_CONFIRMED_CASE_RATE,QN_CASE_RATE,QN_HOSPITALIZED_RATE,QN_DEATH_RATE,SI_CONFIRMED_CASE_COUNT,SI_PROBABLE_CASE_COUNT,SI_CASE_COUNT,SI_HOSPITALIZED_COUNT,SI_DEATH_COUNT,SI_CONFIRMED_CASE_RATE,SI_CASE_RATE,SI_HOSPITALIZED_RATE,SI_DEATH_RATE
Boroughwide,Boroughwide,682805,114353,797158,52006,13064,26673.08,31140.16,2031.56,510.33,372232,78313,450545,36499,7836,26246.66,31768.63,2573.6,552.53,409940,76936,486876,24962,5569,25169.67,29893.42,1532.63,341.93,624266,109886,734152,47495,12040,27697.66,32573.13,2107.28,534.2,162186,26224,188410,9857,2383,34062.46,39570.05,2070.18,500.48
Age,0-4,25937,4956,30893,929,,14178.96,16888.25,507.86,,14299,3329,17628,688,,14270.6,17592.99,686.63,,12269,1964,14233,345,,16112.89,18692.21,453.09,,21288,4397,25685,534,,15527.92,18735.18,389.51,,5401,1102,6503,106,,19744.83,23773.49,387.51,
Age,5-12,57308,10138,67446,491,,22743.49,26766.9,194.86,,33750,8396,42146,432,,21814.89,27241.78,279.23,,21955,4064,26019,182,,22132.35,26229.18,183.47,,46379,9030,55409,285,,23672.56,28281.62,145.47,,13869,2479,16348,55,,30311.48,35729.48,120.21,
Age,13-17,34281,6671,40952,440,,24458.16,29217.66,313.92,,20495,5451,25946,366,,22250.43,28168.32,397.35,,14206,2795,17001,175,,25406.39,30405.04,312.97,,29351,6143,35494,283,,25568.85,30920.26,246.53,,9644,1853,11497,79,,32290.89,38495.27,264.51,
Age,0-17,,,,,14,,,,2.43,,,,,8,,,,2.31,,,,,4,,,,1.73,,,,,8,,,,1.79,,,,,2,,,,1.94
Age,18-24,64382,12495,76877,1653,28,30978.53,36990.72,795.37,13.47,35318,9320,44638,1372,12,25345.98,32034.49,984.62,8.61,51780,10722,62502,595,5,35551.16,42912.69,408.52,3.43,55801,11836,67637,1135,18,32408.87,39283.14,659.2,10.45,16339,3117,19456,234,8,41185.16,49042.07,589.84,20.17
Age,25-34,147202,27992,175194,4233,117,31316.84,37272.07,900.56,24.89,67861,15282,83143,3284,91,29844.36,36565.18,1444.26,40.02,109118,23336,132454,1866,47,30153.17,36601.74,515.64,12.99,119836,23355,143191,3717,111,33317.67,39811,1033.43,30.86,27650,4672,32322,566,15,42723.16,49942.06,874.55,23.18
Age,35-44,111389,18750,130139,4309,278,31115.46,36353.1,1203.68,77.66,58995,12286,71281,3536,237,32885.72,39734.33,1971.08,132.11,63234,11631,74865,1971,100,27004.96,31972.14,841.74,42.71,103709,18016,121725,4285,308,33870.25,39754.08,1399.44,100.59,24740,3867,28607,754,46,41808.9,48343.87,1274.21,77.74
Age,45-54,85329,13078,98407,5457,781,28889.24,33316.97,1847.54,264.42,52445,9882,62327,4699,593,30181.57,35868.56,2704.23,341.27,48010,8491,56501,2526,249,24547.12,28888.5,1291.52,127.31,91324,15028,106352,5819,731,30522.63,35545.34,1944.85,244.32,24115,3564,27679,1210,130,37578.69,43132.52,1885.56,202.58
Age,55-64,74173,10237,84410,8833,1837,25958.67,29541.36,3091.33,642.9,46755,8133,54888,7009,1344,28766.11,33769.96,4312.3,826.9,41686,6972,48658,4236,621,22648.17,26436.09,2301.44,337.39,80139,12256,92395,9172,1938,26671.39,30750.36,3052.57,644.99,21100,3011,24111,1839,277,31906.85,36460,2780.89,418.87
Age,65-74,48201,6116,54317,10497,3130,22926.33,25835.34,4992.79,1488.75,24745,3720,28465,6895,1933,23633.52,27186.42,6585.29,1846.17,26040,3915,29955,4711,1117,17440.11,20062.15,3155.16,748.1,45153,6024,51177,9419,2875,21720.81,24618.65,4531,1383.02,11542,1621,13163,2080,550,24736.92,28211.06,4457.88,1178.77
Age,75+,34226,3808,38034,15160,6879,21711.36,24126.97,9616.79,4363.71,17281,2443,19724,8205,3617,20557.2,23463.35,9760.54,4302.73,21358,2937,24295,8333,3426,16842.52,19158.58,6571.25,2701.68,30971,3722,34693,12842,6051,19302.11,21621.77,8003.54,3771.17,7755,909,8664,2934,1355,23757.74,26542.49,8988.42,4151.09
Race/ethnicity,Asian/Pacific-Islander,67519,10126,77645,3438,899,21078.3,24248.37,1053.86,297.48,12276,2575,14851,1037,201,20958.35,25425.3,1680.63,342.1,41986,7305,49291,1709,488,19886.51,23250.7,760.75,210.4,125805,21508,147313,8290,1986,20999.33,24669.95,1191.65,290.55,11597,1815,13412,467,139,23024.69,26704.06,839.32,264.47
Race/ethnicity,Black/African-American,131178,21937,153115,18403,4735,17191.77,20137.64,2099.41,514.82,83821,15478,99299,11896,2474,20128.48,23897.81,2681.1,554.36,41885,7242,49127,6066,1216,20417.57,24075.54,2492,466.85,78193,13162,91355,8940,2215,19376.92,22726.06,1869.29,437,11121,1814,12935,1082,229,24902.48,28956.95,2473.64,574.98
Race/ethnicity,Hispanic/Latino,113099,20414,133513,9391,2298,23335.62,27517.31,2047,532.46,185696,39501,225197,17152,3629,23400.99,28332.25,2284.48,515.73,92500,17738,110238,8668,1965,21775.88,25990.17,1843.59,396.78,167501,29754,197255,14386,3173,26293.97,30963.57,2324.1,548.25,27718,5342,33060,1993,325,31528.75,37440.96,2767.21,556.78
Race/ethnicity,White,190482,35013,225495,16089,4319,19977.3,23664.23,1529.3,389.12,27119,5542,32661,3542,1047,22018.62,26705.82,1829.32,391.58,141166,30541,171707,6155,1549,18036.71,21798.9,631.04,142.8,115997,22619,138616,10711,3406,21109.06,25397.48,1252.25,331.82,83769,12569,96338,5817,1600,30290.6,34916.79,1502.41,369.24
Sex,Female,370947,61581,432528,26327,5805,27524.27,32093.58,1953.46,430.73,208047,43801,251848,18418,3407,27789.29,33639.88,2460.13,455.08,217480,40643,258123,11908,2500,25370.15,30111.36,1389.13,291.64,330794,57312,388106,22035,4923,28517.49,33458.31,1899.62,424.41,84613,13498,98111,4753,1069,34562.3,40075.89,1941.48,436.66
Sex,Male,309808,49676,359484,25662,7259,25557.63,29655.65,2116.99,598.83,163396,32272,195668,18073,4428,24403.93,29223.89,2699.28,661.34,188196,34650,222846,13046,3069,24394.21,28885.59,1691.04,397.81,291999,49297,341296,25446,7116,26693.66,31200.24,2326.2,650.52,77391,12118,89509,5103,1314,33454.8,38693.21,2205.94,568.02
